-- INCLUSAO DE DADOS
-- TABELA DE CLIENTES
INSERT INTO CLIENTE (id_CLIENTE, RAZAO, RUA, BAIRRO, CIDADE, ESTADO, CNPJ, CEP) VALUES (1, 'Solimões SA', 'Rua das Andorinhas','Recanto Belo', 'Franca', 'São Paulo','14425659000158', '14405568');
INSERT INTO CLIENTE (id_CLIENTE, RAZAO, RUA, BAIRRO, CIDADE, ESTADO, CNPJ, CEP) VALUES (2, 'Kahoot LTDA', 'Rua Godoes','Pinheiros', 'São Paulo', 'São Paulo','28595689000198', '35563005');
INSERT INTO CLIENTE (id_CLIENTE, RAZAO, RUA, BAIRRO, CIDADE, ESTADO, CNPJ, CEP) VALUES (3, 'Filomone ME', 'Avenida Das Dores','Centro', 'Ribeirao Preto', 'São Paulo','15666885000197', '5995632');

-- TABELA DE EQUIPAMENTO
INSERT INTO EQUIPAMENTOS (id_EQUIPAMENTOS, DESCRICAO, TIPO, TAMANHO) VALUES (1, 'Gerador de Energia', 'Eletronico', '3 x 3 metros');
INSERT INTO EQUIPAMENTOS (id_EQUIPAMENTOS, DESCRICAO, TIPO, TAMANHO) VALUES (2, 'Alternador de Energia', 'Eletronico', '1 x 2 metros');
INSERT INTO EQUIPAMENTOS (id_EQUIPAMENTOS, DESCRICAO, TIPO, TAMANHO) VALUES (3, 'Caminhão Guincho ', 'Veiculo', '6 metros');

-- TABELA DE ALUGUEL
INSERT INTO ALUGUEL (ID_EQUIPAMENTO, ID_CLIENTE, DIAS_LOCAÇÃO) VALUES (1, 2, 30);
INSERT INTO ALUGUEL (ID_EQUIPAMENTO, ID_CLIENTE, DIAS_LOCAÇÃO) VALUES (2, 1, 60);
INSERT INTO ALUGUEL (ID_EQUIPAMENTO, ID_CLIENTE, DIAS_LOCAÇÃO) VALUES (3, 3, 90);

-- TABELA DE ALUGUEL
INSERT INTO FRETE (ID_FRETE, ID_EQUIPAMENTO, ID_END_CLIENTE, VALOR_KM, TIPO_VEICULO_TRANSPORTE) VALUES (1, 2, 2, 'R$100,00', 'Caminhão Pequeno');
INSERT INTO FRETE (ID_FRETE, ID_EQUIPAMENTO, ID_END_CLIENTE, VALOR_KM, TIPO_VEICULO_TRANSPORTE) VALUES (2, 1, 3, 'R$250,00', 'Caminhão Extra Grande');
INSERT INTO FRETE (ID_FRETE, ID_EQUIPAMENTO, ID_END_CLIENTE, VALOR_KM, TIPO_VEICULO_TRANSPORTE) VALUES (3, 2, 1, 'R$200,00', 'Caminhão Grande');

-- ATUALIZAÇÕES
UPDATE EQUIPAMENTOS SET DESCRICAO = ('Transformador de Energia') WHERE DESCRICAO = ('Altenador de Energia');

-- EXCLUSAO DE DADOS
DELETE FROM CLIENTE WHERE RAZAO = 'Kahoot LTDA';

-- SELEÇAO DE DADOS
SELECT VALOR_KM, TIPO_VEICULO_TRANSPORTE FROM FRETE;